delivery_id,notification_id,rule_id,channel,recipient_user_id,recipient_role,recipient_email,delivery_status,delivered_at
ND0001,N0001,NR0001,in_system,U0015,Stevedore,user15@portauthority.com,Delivered,2026-04-05T13:10:00+00:00
ND0002,N0001,NR0001,email,U0015,Stevedore,user15@portauthority.com,Sent,2026-04-05T13:10:02+00:00
ND0003,N0002,NR0002,in_system,U0019,Harbourmaster,user19@portauthority.com,Delivered,2026-04-05T13:12:00+00:00
ND0004,N0002,NR0002,email,U0019,Harbourmaster,user19@portauthority.com,Sent,2026-04-05T13:12:03+00:00
ND0005,N0502,NR0001,in_system,U0015,Stevedore,user15@portauthority.com,Delivered,2026-04-05T13:59:59+00:00
ND0006,N0502,NR0001,email,U0015,Stevedore,user15@portauthority.com,Sent,2026-04-05T13:59:59+00:00
ND0007,N0502,NR0001,in_system,U0024,Stevedore,user24@portauthority.com,Delivered,2026-04-05T13:59:59+00:00
ND0008,N0502,NR0001,email,U0024,Stevedore,user24@portauthority.com,Sent,2026-04-05T13:59:59+00:00
ND0009,N0502,NR0001,in_system,U0028,Stevedore,user28@portauthority.com,Delivered,2026-04-05T13:59:59+00:00
ND0010,N0502,NR0001,email,U0028,Stevedore,user28@portauthority.com,Sent,2026-04-05T13:59:59+00:00
ND0011,N0502,NR0001,in_system,U0035,Stevedore,user35@portauthority.com,Delivered,2026-04-05T13:59:59+00:00
ND0012,N0502,NR0001,email,U0035,Stevedore,user35@portauthority.com,Sent,2026-04-05T13:59:59+00:00
ND0013,N0502,NR0001,in_system,U0041,Stevedore,user41@portauthority.com,Delivered,2026-04-05T13:59:59+00:00
ND0014,N0502,NR0001,email,U0041,Stevedore,user41@portauthority.com,Sent,2026-04-05T13:59:59+00:00
ND0015,N0502,NR0001,in_system,U0045,Stevedore,user45@portauthority.com,Delivered,2026-04-05T13:59:59+00:00
ND0016,N0502,NR0001,email,U0045,Stevedore,user45@portauthority.com,Sent,2026-04-05T13:59:59+00:00
ND0017,N0502,NR0001,in_system,U0053,Stevedore,user53@portauthority.com,Delivered,2026-04-05T13:59:59+00:00
ND0018,N0502,NR0001,email,U0053,Stevedore,user53@portauthority.com,Sent,2026-04-05T13:59:59+00:00
ND0019,N0502,NR0001,in_system,U0060,Stevedore,user60@portauthority.com,Delivered,2026-04-05T13:59:59+00:00
ND0020,N0502,NR0001,email,U0060,Stevedore,user60@portauthority.com,Sent,2026-04-05T13:59:59+00:00
ND0021,N0502,NR0001,in_system,U0069,Stevedore,user69@portauthority.com,Delivered,2026-04-05T13:59:59+00:00
ND0022,N0502,NR0001,email,U0069,Stevedore,user69@portauthority.com,Sent,2026-04-05T13:59:59+00:00
ND0023,N0502,NR0001,in_system,U0104,Stevedore,user104@portauthority.com,Delivered,2026-04-05T13:59:59+00:00
ND0024,N0502,NR0001,email,U0104,Stevedore,user104@portauthority.com,Sent,2026-04-05T13:59:59+00:00
ND0025,N0502,NR0001,in_system,U0107,Stevedore,user107@portauthority.com,Delivered,2026-04-05T13:59:59+00:00
ND0026,N0502,NR0001,email,U0107,Stevedore,user107@portauthority.com,Sent,2026-04-05T13:59:59+00:00
ND0027,N0502,NR0001,in_system,U0109,Stevedore,user109@portauthority.com,Delivered,2026-04-05T13:59:59+00:00
ND0028,N0502,NR0001,email,U0109,Stevedore,user109@portauthority.com,Sent,2026-04-05T13:59:59+00:00
ND0029,N0502,NR0001,in_system,U0134,Stevedore,user134@portauthority.com,Delivered,2026-04-05T13:59:59+00:00
ND0030,N0502,NR0001,email,U0134,Stevedore,user134@portauthority.com,Sent,2026-04-05T13:59:59+00:00
ND0031,N0502,NR0001,in_system,U0137,Stevedore,user137@portauthority.com,Delivered,2026-04-05T13:59:59+00:00
ND0032,N0502,NR0001,email,U0137,Stevedore,user137@portauthority.com,Sent,2026-04-05T13:59:59+00:00
ND0033,N0502,NR0001,in_system,U0181,Stevedore,user181@portauthority.com,Delivered,2026-04-05T13:59:59+00:00
ND0034,N0502,NR0001,email,U0181,Stevedore,user181@portauthority.com,Sent,2026-04-05T13:59:59+00:00
ND0035,N0502,NR0001,in_system,U0183,Stevedore,user183@portauthority.com,Delivered,2026-04-05T13:59:59+00:00
ND0036,N0502,NR0001,email,U0183,Stevedore,user183@portauthority.com,Sent,2026-04-05T13:59:59+00:00
ND0037,N0502,NR0001,in_system,U0185,Stevedore,user185@portauthority.com,Delivered,2026-04-05T13:59:59+00:00
ND0038,N0502,NR0001,email,U0185,Stevedore,user185@portauthority.com,Sent,2026-04-05T13:59:59+00:00
ND0039,N0502,NR0001,in_system,U0190,Stevedore,user190@portauthority.com,Delivered,2026-04-05T13:59:59+00:00
ND0040,N0502,NR0001,email,U0190,Stevedore,user190@portauthority.com,Sent,2026-04-05T13:59:59+00:00
ND0041,N0502,NR0001,in_system,U0200,Stevedore,user200@portauthority.com,Delivered,2026-04-05T13:59:59+00:00
ND0042,N0502,NR0001,email,U0200,Stevedore,user200@portauthority.com,Sent,2026-04-05T13:59:59+00:00
ND0043,N0502,NR0001,in_system,U0217,Stevedore,user217@portauthority.com,Delivered,2026-04-05T13:59:59+00:00
ND0044,N0502,NR0001,email,U0217,Stevedore,user217@portauthority.com,Sent,2026-04-05T13:59:59+00:00
ND0045,N0502,NR0001,in_system,U0237,Stevedore,user237@portauthority.com,Delivered,2026-04-05T13:59:59+00:00
ND0046,N0502,NR0001,email,U0237,Stevedore,user237@portauthority.com,Sent,2026-04-05T13:59:59+00:00
ND0047,N0502,NR0001,in_system,U0238,Stevedore,user238@portauthority.com,Delivered,2026-04-05T13:59:59+00:00
ND0048,N0502,NR0001,email,U0238,Stevedore,user238@portauthority.com,Sent,2026-04-05T13:59:59+00:00
ND0049,N0502,NR0001,in_system,U0247,Stevedore,user247@portauthority.com,Delivered,2026-04-05T13:59:59+00:00
ND0050,N0502,NR0001,email,U0247,Stevedore,user247@portauthority.com,Sent,2026-04-05T13:59:59+00:00
ND0051,N0502,NR0001,in_system,U0253,Stevedore,user253@portauthority.com,Delivered,2026-04-05T13:59:59+00:00
ND0052,N0502,NR0001,email,U0253,Stevedore,user253@portauthority.com,Sent,2026-04-05T13:59:59+00:00
ND0053,N0502,NR0001,in_system,U0271,Stevedore,user271@portauthority.com,Delivered,2026-04-05T13:59:59+00:00
ND0054,N0502,NR0001,email,U0271,Stevedore,user271@portauthority.com,Sent,2026-04-05T13:59:59+00:00
ND0055,N0502,NR0001,in_system,U0294,Stevedore,user294@portauthority.com,Delivered,2026-04-05T13:59:59+00:00
ND0056,N0502,NR0001,email,U0294,Stevedore,user294@portauthority.com,Sent,2026-04-05T13:59:59+00:00
ND0057,N0502,NR0001,in_system,U0295,Stevedore,user295@portauthority.com,Delivered,2026-04-05T13:59:59+00:00
ND0058,N0502,NR0001,email,U0295,Stevedore,user295@portauthority.com,Sent,2026-04-05T13:59:59+00:00
ND0059,N0502,NR0001,in_system,U0309,Stevedore,user309@portauthority.com,Delivered,2026-04-05T13:59:59+00:00
ND0060,N0502,NR0001,email,U0309,Stevedore,user309@portauthority.com,Sent,2026-04-05T13:59:59+00:00
ND0061,N0502,NR0001,in_system,U0313,Stevedore,user313@portauthority.com,Delivered,2026-04-05T13:59:59+00:00
ND0062,N0502,NR0001,email,U0313,Stevedore,user313@portauthority.com,Sent,2026-04-05T13:59:59+00:00
ND0063,N0502,NR0001,in_system,U0348,Stevedore,user348@portauthority.com,Delivered,2026-04-05T13:59:59+00:00
ND0064,N0502,NR0001,email,U0348,Stevedore,user348@portauthority.com,Sent,2026-04-05T13:59:59+00:00
ND0065,N0502,NR0001,in_system,U0363,Stevedore,user363@portauthority.com,Delivered,2026-04-05T13:59:59+00:00
ND0066,N0502,NR0001,email,U0363,Stevedore,user363@portauthority.com,Sent,2026-04-05T13:59:59+00:00
ND0067,N0502,NR0001,in_system,U0366,Stevedore,user366@portauthority.com,Delivered,2026-04-05T13:59:59+00:00
ND0068,N0502,NR0001,email,U0366,Stevedore,user366@portauthority.com,Sent,2026-04-05T13:59:59+00:00
ND0069,N0502,NR0001,in_system,U0437,Stevedore,user437@portauthority.com,Delivered,2026-04-05T13:59:59+00:00
ND0070,N0502,NR0001,email,U0437,Stevedore,user437@portauthority.com,Sent,2026-04-05T13:59:59+00:00
ND0071,N0502,NR0001,in_system,U0443,Stevedore,user443@portauthority.com,Delivered,2026-04-05T13:59:59+00:00
ND0072,N0502,NR0001,email,U0443,Stevedore,user443@portauthority.com,Sent,2026-04-05T13:59:59+00:00
ND0073,N0502,NR0001,in_system,U0488,Stevedore,user488@portauthority.com,Delivered,2026-04-05T13:59:59+00:00
ND0074,N0502,NR0001,email,U0488,Stevedore,user488@portauthority.com,Sent,2026-04-05T13:59:59+00:00
ND0075,N0502,NR0001,in_system,U0500,Stevedore,user500@portauthority.com,Delivered,2026-04-05T13:59:59+00:00
ND0076,N0502,NR0001,email,U0500,Stevedore,user500@portauthority.com,Sent,2026-04-05T13:59:59+00:00
ND0077,N0503,NR0002,in_system,U0019,Harbourmaster,user19@portauthority.com,Delivered,2026-04-05T13:59:59+00:00
ND0078,N0503,NR0002,email,U0019,Harbourmaster,user19@portauthority.com,Sent,2026-04-05T13:59:59+00:00
ND0079,N0503,NR0002,in_system,U0020,Harbourmaster,user20@portauthority.com,Delivered,2026-04-05T13:59:59+00:00
ND0080,N0503,NR0002,email,U0020,Harbourmaster,user20@portauthority.com,Sent,2026-04-05T13:59:59+00:00
ND0081,N0503,NR0002,in_system,U0034,Harbourmaster,user34@portauthority.com,Delivered,2026-04-05T13:59:59+00:00
ND0082,N0503,NR0002,email,U0034,Harbourmaster,user34@portauthority.com,Sent,2026-04-05T13:59:59+00:00
ND0083,N0503,NR0002,in_system,U0050,Harbourmaster,user50@portauthority.com,Delivered,2026-04-05T13:59:59+00:00
ND0084,N0503,NR0002,email,U0050,Harbourmaster,user50@portauthority.com,Sent,2026-04-05T13:59:59+00:00
ND0085,N0503,NR0002,in_system,U0055,Harbourmaster,user55@portauthority.com,Delivered,2026-04-05T13:59:59+00:00
ND0086,N0503,NR0002,email,U0055,Harbourmaster,user55@portauthority.com,Sent,2026-04-05T13:59:59+00:00
ND0087,N0503,NR0002,in_system,U0062,Harbourmaster,user62@portauthority.com,Delivered,2026-04-05T13:59:59+00:00
ND0088,N0503,NR0002,email,U0062,Harbourmaster,user62@portauthority.com,Sent,2026-04-05T13:59:59+00:00
ND0089,N0503,NR0002,in_system,U0077,Harbourmaster,user77@portauthority.com,Delivered,2026-04-05T13:59:59+00:00
ND0090,N0503,NR0002,email,U0077,Harbourmaster,user77@portauthority.com,Sent,2026-04-05T13:59:59+00:00
ND0091,N0503,NR0002,in_system,U0130,Harbourmaster,user130@portauthority.com,Delivered,2026-04-05T13:59:59+00:00
ND0092,N0503,NR0002,email,U0130,Harbourmaster,user130@portauthority.com,Sent,2026-04-05T13:59:59+00:00
ND0093,N0503,NR0002,in_system,U0151,Harbourmaster,user151@portauthority.com,Delivered,2026-04-05T13:59:59+00:00
ND0094,N0503,NR0002,email,U0151,Harbourmaster,user151@portauthority.com,Sent,2026-04-05T13:59:59+00:00
ND0095,N0503,NR0002,in_system,U0154,Harbourmaster,user154@portauthority.com,Delivered,2026-04-05T13:59:59+00:00
ND0096,N0503,NR0002,email,U0154,Harbourmaster,user154@portauthority.com,Sent,2026-04-05T13:59:59+00:00
ND0097,N0503,NR0002,in_system,U0166,Harbourmaster,user166@portauthority.com,Delivered,2026-04-05T13:59:59+00:00
ND0098,N0503,NR0002,email,U0166,Harbourmaster,user166@portauthority.com,Sent,2026-04-05T13:59:59+00:00
ND0099,N0503,NR0002,in_system,U0186,Harbourmaster,user186@portauthority.com,Delivered,2026-04-05T13:59:59+00:00
ND0100,N0503,NR0002,email,U0186,Harbourmaster,user186@portauthority.com,Sent,2026-04-05T13:59:59+00:00
ND0101,N0503,NR0002,in_system,U0196,Harbourmaster,user196@portauthority.com,Delivered,2026-04-05T13:59:59+00:00
ND0102,N0503,NR0002,email,U0196,Harbourmaster,user196@portauthority.com,Sent,2026-04-05T13:59:59+00:00
ND0103,N0503,NR0002,in_system,U0208,Harbourmaster,user208@portauthority.com,Delivered,2026-04-05T13:59:59+00:00
ND0104,N0503,NR0002,email,U0208,Harbourmaster,user208@portauthority.com,Sent,2026-04-05T13:59:59+00:00
ND0105,N0503,NR0002,in_system,U0214,Harbourmaster,user214@portauthority.com,Delivered,2026-04-05T13:59:59+00:00
ND0106,N0503,NR0002,email,U0214,Harbourmaster,user214@portauthority.com,Sent,2026-04-05T13:59:59+00:00
ND0107,N0503,NR0002,in_system,U0242,Harbourmaster,user242@portauthority.com,Delivered,2026-04-05T13:59:59+00:00
ND0108,N0503,NR0002,email,U0242,Harbourmaster,user242@portauthority.com,Sent,2026-04-05T13:59:59+00:00
ND0109,N0503,NR0002,in_system,U0260,Harbourmaster,user260@portauthority.com,Delivered,2026-04-05T13:59:59+00:00
ND0110,N0503,NR0002,email,U0260,Harbourmaster,user260@portauthority.com,Sent,2026-04-05T13:59:59+00:00
ND0111,N0503,NR0002,in_system,U0290,Harbourmaster,user290@portauthority.com,Delivered,2026-04-05T13:59:59+00:00
ND0112,N0503,NR0002,email,U0290,Harbourmaster,user290@portauthority.com,Sent,2026-04-05T13:59:59+00:00
ND0113,N0503,NR0002,in_system,U0300,Harbourmaster,user300@portauthority.com,Delivered,2026-04-05T13:59:59+00:00
ND0114,N0503,NR0002,email,U0300,Harbourmaster,user300@portauthority.com,Sent,2026-04-05T13:59:59+00:00
ND0115,N0503,NR0002,in_system,U0308,Harbourmaster,user308@portauthority.com,Delivered,2026-04-05T13:59:59+00:00
ND0116,N0503,NR0002,email,U0308,Harbourmaster,user308@portauthority.com,Sent,2026-04-05T13:59:59+00:00
ND0117,N0503,NR0002,in_system,U0316,Harbourmaster,user316@portauthority.com,Delivered,2026-04-05T13:59:59+00:00
ND0118,N0503,NR0002,email,U0316,Harbourmaster,user316@portauthority.com,Sent,2026-04-05T13:59:59+00:00
ND0119,N0503,NR0002,in_system,U0319,Harbourmaster,user319@portauthority.com,Delivered,2026-04-05T13:59:59+00:00
ND0120,N0503,NR0002,email,U0319,Harbourmaster,user319@portauthority.com,Sent,2026-04-05T13:59:59+00:00
ND0121,N0503,NR0002,in_system,U0320,Harbourmaster,user320@portauthority.com,Delivered,2026-04-05T13:59:59+00:00
ND0122,N0503,NR0002,email,U0320,Harbourmaster,user320@portauthority.com,Sent,2026-04-05T13:59:59+00:00
ND0123,N0503,NR0002,in_system,U0331,Harbourmaster,user331@portauthority.com,Delivered,2026-04-05T13:59:59+00:00
ND0124,N0503,NR0002,email,U0331,Harbourmaster,user331@portauthority.com,Sent,2026-04-05T13:59:59+00:00
ND0125,N0503,NR0002,in_system,U0337,Harbourmaster,user337@portauthority.com,Delivered,2026-04-05T13:59:59+00:00
ND0126,N0503,NR0002,email,U0337,Harbourmaster,user337@portauthority.com,Sent,2026-04-05T13:59:59+00:00
ND0127,N0503,NR0002,in_system,U0352,Harbourmaster,user352@portauthority.com,Delivered,2026-04-05T13:59:59+00:00
ND0128,N0503,NR0002,email,U0352,Harbourmaster,user352@portauthority.com,Sent,2026-04-05T13:59:59+00:00
ND0129,N0503,NR0002,in_system,U0371,Harbourmaster,user371@portauthority.com,Delivered,2026-04-05T13:59:59+00:00
ND0130,N0503,NR0002,email,U0371,Harbourmaster,user371@portauthority.com,Sent,2026-04-05T13:59:59+00:00
ND0131,N0503,NR0002,in_system,U0378,Harbourmaster,user378@portauthority.com,Delivered,2026-04-05T13:59:59+00:00
ND0132,N0503,NR0002,email,U0378,Harbourmaster,user378@portauthority.com,Sent,2026-04-05T13:59:59+00:00
ND0133,N0503,NR0002,in_system,U0387,Harbourmaster,user387@portauthority.com,Delivered,2026-04-05T13:59:59+00:00
ND0134,N0503,NR0002,email,U0387,Harbourmaster,user387@portauthority.com,Sent,2026-04-05T13:59:59+00:00
ND0135,N0503,NR0002,in_system,U0391,Harbourmaster,user391@portauthority.com,Delivered,2026-04-05T13:59:59+00:00
ND0136,N0503,NR0002,email,U0391,Harbourmaster,user391@portauthority.com,Sent,2026-04-05T13:59:59+00:00
ND0137,N0503,NR0002,in_system,U0412,Harbourmaster,user412@portauthority.com,Delivered,2026-04-05T13:59:59+00:00
ND0138,N0503,NR0002,email,U0412,Harbourmaster,user412@portauthority.com,Sent,2026-04-05T13:59:59+00:00
ND0139,N0503,NR0002,in_system,U0428,Harbourmaster,user428@portauthority.com,Delivered,2026-04-05T13:59:59+00:00
ND0140,N0503,NR0002,email,U0428,Harbourmaster,user428@portauthority.com,Sent,2026-04-05T13:59:59+00:00
ND0141,N0503,NR0002,in_system,U0455,Harbourmaster,user455@portauthority.com,Delivered,2026-04-05T13:59:59+00:00
ND0142,N0503,NR0002,email,U0455,Harbourmaster,user455@portauthority.com,Sent,2026-04-05T13:59:59+00:00
ND0143,N0503,NR0002,in_system,U0481,Harbourmaster,user481@portauthority.com,Delivered,2026-04-05T13:59:59+00:00
ND0144,N0503,NR0002,email,U0481,Harbourmaster,user481@portauthority.com,Sent,2026-04-05T13:59:59+00:00
ND0145,N0503,NR0002,in_system,U0499,Harbourmaster,user499@portauthority.com,Delivered,2026-04-05T13:59:59+00:00
ND0146,N0503,NR0002,email,U0499,Harbourmaster,user499@portauthority.com,Sent,2026-04-05T13:59:59+00:00
ND0147,N0506,NR0005,in_system,U0015,Stevedore,user15@portauthority.com,Delivered,2026-04-05T13:59:59+00:00
ND0148,N0506,NR0005,in_system,U0024,Stevedore,user24@portauthority.com,Delivered,2026-04-05T13:59:59+00:00
ND0149,N0506,NR0005,in_system,U0028,Stevedore,user28@portauthority.com,Delivered,2026-04-05T13:59:59+00:00
ND0150,N0506,NR0005,in_system,U0035,Stevedore,user35@portauthority.com,Delivered,2026-04-05T13:59:59+00:00
ND0151,N0506,NR0005,in_system,U0041,Stevedore,user41@portauthority.com,Delivered,2026-04-05T13:59:59+00:00
ND0152,N0506,NR0005,in_system,U0045,Stevedore,user45@portauthority.com,Delivered,2026-04-05T13:59:59+00:00
ND0153,N0506,NR0005,in_system,U0053,Stevedore,user53@portauthority.com,Delivered,2026-04-05T13:59:59+00:00
ND0154,N0506,NR0005,in_system,U0060,Stevedore,user60@portauthority.com,Delivered,2026-04-05T13:59:59+00:00
ND0155,N0506,NR0005,in_system,U0069,Stevedore,user69@portauthority.com,Delivered,2026-04-05T13:59:59+00:00
ND0156,N0506,NR0005,in_system,U0104,Stevedore,user104@portauthority.com,Delivered,2026-04-05T13:59:59+00:00
ND0157,N0506,NR0005,in_system,U0107,Stevedore,user107@portauthority.com,Delivered,2026-04-05T13:59:59+00:00
ND0158,N0506,NR0005,in_system,U0109,Stevedore,user109@portauthority.com,Delivered,2026-04-05T13:59:59+00:00
ND0159,N0506,NR0005,in_system,U0134,Stevedore,user134@portauthority.com,Delivered,2026-04-05T13:59:59+00:00
ND0160,N0506,NR0005,in_system,U0137,Stevedore,user137@portauthority.com,Delivered,2026-04-05T13:59:59+00:00
ND0161,N0506,NR0005,in_system,U0181,Stevedore,user181@portauthority.com,Delivered,2026-04-05T13:59:59+00:00
ND0162,N0506,NR0005,in_system,U0183,Stevedore,user183@portauthority.com,Delivered,2026-04-05T13:59:59+00:00
ND0163,N0506,NR0005,in_system,U0185,Stevedore,user185@portauthority.com,Delivered,2026-04-05T13:59:59+00:00
ND0164,N0506,NR0005,in_system,U0190,Stevedore,user190@portauthority.com,Delivered,2026-04-05T13:59:59+00:00
ND0165,N0506,NR0005,in_system,U0200,Stevedore,user200@portauthority.com,Delivered,2026-04-05T13:59:59+00:00
ND0166,N0506,NR0005,in_system,U0217,Stevedore,user217@portauthority.com,Delivered,2026-04-05T13:59:59+00:00
ND0167,N0506,NR0005,in_system,U0237,Stevedore,user237@portauthority.com,Delivered,2026-04-05T13:59:59+00:00
ND0168,N0506,NR0005,in_system,U0238,Stevedore,user238@portauthority.com,Delivered,2026-04-05T13:59:59+00:00
ND0169,N0506,NR0005,in_system,U0247,Stevedore,user247@portauthority.com,Delivered,2026-04-05T13:59:59+00:00
ND0170,N0506,NR0005,in_system,U0253,Stevedore,user253@portauthority.com,Delivered,2026-04-05T13:59:59+00:00
ND0171,N0506,NR0005,in_system,U0271,Stevedore,user271@portauthority.com,Delivered,2026-04-05T13:59:59+00:00
ND0172,N0506,NR0005,in_system,U0294,Stevedore,user294@portauthority.com,Delivered,2026-04-05T13:59:59+00:00
ND0173,N0506,NR0005,in_system,U0295,Stevedore,user295@portauthority.com,Delivered,2026-04-05T13:59:59+00:00
ND0174,N0506,NR0005,in_system,U0309,Stevedore,user309@portauthority.com,Delivered,2026-04-05T13:59:59+00:00
ND0175,N0506,NR0005,in_system,U0313,Stevedore,user313@portauthority.com,Delivered,2026-04-05T13:59:59+00:00
ND0176,N0506,NR0005,in_system,U0348,Stevedore,user348@portauthority.com,Delivered,2026-04-05T13:59:59+00:00
ND0177,N0506,NR0005,in_system,U0363,Stevedore,user363@portauthority.com,Delivered,2026-04-05T13:59:59+00:00
ND0178,N0506,NR0005,in_system,U0366,Stevedore,user366@portauthority.com,Delivered,2026-04-05T13:59:59+00:00
ND0179,N0506,NR0005,in_system,U0437,Stevedore,user437@portauthority.com,Delivered,2026-04-05T13:59:59+00:00
ND0180,N0506,NR0005,in_system,U0443,Stevedore,user443@portauthority.com,Delivered,2026-04-05T13:59:59+00:00
ND0181,N0506,NR0005,in_system,U0488,Stevedore,user488@portauthority.com,Delivered,2026-04-05T13:59:59+00:00
ND0182,N0506,NR0005,in_system,U0500,Stevedore,user500@portauthority.com,Delivered,2026-04-05T13:59:59+00:00
ND0183,N0507,NR0001,in_system,U0015,Stevedore,user15@portauthority.com,Delivered,2026-04-05T14:10:21+00:00
ND0184,N0507,NR0001,email,U0015,Stevedore,user15@portauthority.com,Sent,2026-04-05T14:10:21+00:00
ND0185,N0507,NR0001,in_system,U0024,Stevedore,user24@portauthority.com,Delivered,2026-04-05T14:10:21+00:00
ND0186,N0507,NR0001,email,U0024,Stevedore,user24@portauthority.com,Sent,2026-04-05T14:10:21+00:00
ND0187,N0507,NR0001,in_system,U0028,Stevedore,user28@portauthority.com,Delivered,2026-04-05T14:10:21+00:00
ND0188,N0507,NR0001,email,U0028,Stevedore,user28@portauthority.com,Sent,2026-04-05T14:10:21+00:00
ND0189,N0507,NR0001,in_system,U0035,Stevedore,user35@portauthority.com,Delivered,2026-04-05T14:10:21+00:00
ND0190,N0507,NR0001,email,U0035,Stevedore,user35@portauthority.com,Sent,2026-04-05T14:10:21+00:00
ND0191,N0507,NR0001,in_system,U0041,Stevedore,user41@portauthority.com,Delivered,2026-04-05T14:10:21+00:00
ND0192,N0507,NR0001,email,U0041,Stevedore,user41@portauthority.com,Sent,2026-04-05T14:10:21+00:00
ND0193,N0507,NR0001,in_system,U0045,Stevedore,user45@portauthority.com,Delivered,2026-04-05T14:10:21+00:00
ND0194,N0507,NR0001,email,U0045,Stevedore,user45@portauthority.com,Sent,2026-04-05T14:10:21+00:00
ND0195,N0507,NR0001,in_system,U0053,Stevedore,user53@portauthority.com,Delivered,2026-04-05T14:10:21+00:00
ND0196,N0507,NR0001,email,U0053,Stevedore,user53@portauthority.com,Sent,2026-04-05T14:10:21+00:00
ND0197,N0507,NR0001,in_system,U0060,Stevedore,user60@portauthority.com,Delivered,2026-04-05T14:10:22+00:00
ND0198,N0507,NR0001,email,U0060,Stevedore,user60@portauthority.com,Sent,2026-04-05T14:10:22+00:00
ND0199,N0507,NR0001,in_system,U0069,Stevedore,user69@portauthority.com,Delivered,2026-04-05T14:10:22+00:00
ND0200,N0507,NR0001,email,U0069,Stevedore,user69@portauthority.com,Sent,2026-04-05T14:10:22+00:00
ND0201,N0507,NR0001,in_system,U0104,Stevedore,user104@portauthority.com,Delivered,2026-04-05T14:10:22+00:00
ND0202,N0507,NR0001,email,U0104,Stevedore,user104@portauthority.com,Sent,2026-04-05T14:10:22+00:00
ND0203,N0507,NR0001,in_system,U0107,Stevedore,user107@portauthority.com,Delivered,2026-04-05T14:10:22+00:00
ND0204,N0507,NR0001,email,U0107,Stevedore,user107@portauthority.com,Sent,2026-04-05T14:10:22+00:00
ND0205,N0507,NR0001,in_system,U0109,Stevedore,user109@portauthority.com,Delivered,2026-04-05T14:10:22+00:00
ND0206,N0507,NR0001,email,U0109,Stevedore,user109@portauthority.com,Sent,2026-04-05T14:10:22+00:00
ND0207,N0507,NR0001,in_system,U0134,Stevedore,user134@portauthority.com,Delivered,2026-04-05T14:10:22+00:00
ND0208,N0507,NR0001,email,U0134,Stevedore,user134@portauthority.com,Sent,2026-04-05T14:10:22+00:00
ND0209,N0507,NR0001,in_system,U0137,Stevedore,user137@portauthority.com,Delivered,2026-04-05T14:10:22+00:00
ND0210,N0507,NR0001,email,U0137,Stevedore,user137@portauthority.com,Sent,2026-04-05T14:10:22+00:00
ND0211,N0507,NR0001,in_system,U0181,Stevedore,user181@portauthority.com,Delivered,2026-04-05T14:10:22+00:00
ND0212,N0507,NR0001,email,U0181,Stevedore,user181@portauthority.com,Sent,2026-04-05T14:10:22+00:00
ND0213,N0507,NR0001,in_system,U0183,Stevedore,user183@portauthority.com,Delivered,2026-04-05T14:10:22+00:00
ND0214,N0507,NR0001,email,U0183,Stevedore,user183@portauthority.com,Sent,2026-04-05T14:10:22+00:00
ND0215,N0507,NR0001,in_system,U0185,Stevedore,user185@portauthority.com,Delivered,2026-04-05T14:10:22+00:00
ND0216,N0507,NR0001,email,U0185,Stevedore,user185@portauthority.com,Sent,2026-04-05T14:10:22+00:00
ND0217,N0507,NR0001,in_system,U0190,Stevedore,user190@portauthority.com,Delivered,2026-04-05T14:10:22+00:00
ND0218,N0507,NR0001,email,U0190,Stevedore,user190@portauthority.com,Sent,2026-04-05T14:10:22+00:00
ND0219,N0507,NR0001,in_system,U0200,Stevedore,user200@portauthority.com,Delivered,2026-04-05T14:10:22+00:00
ND0220,N0507,NR0001,email,U0200,Stevedore,user200@portauthority.com,Sent,2026-04-05T14:10:22+00:00
ND0221,N0507,NR0001,in_system,U0217,Stevedore,user217@portauthority.com,Delivered,2026-04-05T14:10:22+00:00
ND0222,N0507,NR0001,email,U0217,Stevedore,user217@portauthority.com,Sent,2026-04-05T14:10:22+00:00
ND0223,N0507,NR0001,in_system,U0237,Stevedore,user237@portauthority.com,Delivered,2026-04-05T14:10:22+00:00
ND0224,N0507,NR0001,email,U0237,Stevedore,user237@portauthority.com,Sent,2026-04-05T14:10:22+00:00
ND0225,N0507,NR0001,in_system,U0238,Stevedore,user238@portauthority.com,Delivered,2026-04-05T14:10:22+00:00
ND0226,N0507,NR0001,email,U0238,Stevedore,user238@portauthority.com,Sent,2026-04-05T14:10:22+00:00
ND0227,N0507,NR0001,in_system,U0247,Stevedore,user247@portauthority.com,Delivered,2026-04-05T14:10:22+00:00
ND0228,N0507,NR0001,email,U0247,Stevedore,user247@portauthority.com,Sent,2026-04-05T14:10:22+00:00
ND0229,N0507,NR0001,in_system,U0253,Stevedore,user253@portauthority.com,Delivered,2026-04-05T14:10:22+00:00
ND0230,N0507,NR0001,email,U0253,Stevedore,user253@portauthority.com,Sent,2026-04-05T14:10:22+00:00
ND0231,N0507,NR0001,in_system,U0271,Stevedore,user271@portauthority.com,Delivered,2026-04-05T14:10:22+00:00
ND0232,N0507,NR0001,email,U0271,Stevedore,user271@portauthority.com,Sent,2026-04-05T14:10:22+00:00
ND0233,N0507,NR0001,in_system,U0294,Stevedore,user294@portauthority.com,Delivered,2026-04-05T14:10:22+00:00
ND0234,N0507,NR0001,email,U0294,Stevedore,user294@portauthority.com,Sent,2026-04-05T14:10:22+00:00
ND0235,N0507,NR0001,in_system,U0295,Stevedore,user295@portauthority.com,Delivered,2026-04-05T14:10:22+00:00
ND0236,N0507,NR0001,email,U0295,Stevedore,user295@portauthority.com,Sent,2026-04-05T14:10:22+00:00
ND0237,N0507,NR0001,in_system,U0309,Stevedore,user309@portauthority.com,Delivered,2026-04-05T14:10:22+00:00
ND0238,N0507,NR0001,email,U0309,Stevedore,user309@portauthority.com,Sent,2026-04-05T14:10:22+00:00
ND0239,N0507,NR0001,in_system,U0313,Stevedore,user313@portauthority.com,Delivered,2026-04-05T14:10:22+00:00
ND0240,N0507,NR0001,email,U0313,Stevedore,user313@portauthority.com,Sent,2026-04-05T14:10:22+00:00
ND0241,N0507,NR0001,in_system,U0348,Stevedore,user348@portauthority.com,Delivered,2026-04-05T14:10:22+00:00
ND0242,N0507,NR0001,email,U0348,Stevedore,user348@portauthority.com,Sent,2026-04-05T14:10:22+00:00
ND0243,N0507,NR0001,in_system,U0363,Stevedore,user363@portauthority.com,Delivered,2026-04-05T14:10:22+00:00
ND0244,N0507,NR0001,email,U0363,Stevedore,user363@portauthority.com,Sent,2026-04-05T14:10:22+00:00
ND0245,N0507,NR0001,in_system,U0366,Stevedore,user366@portauthority.com,Delivered,2026-04-05T14:10:22+00:00
ND0246,N0507,NR0001,email,U0366,Stevedore,user366@portauthority.com,Sent,2026-04-05T14:10:22+00:00
ND0247,N0507,NR0001,in_system,U0437,Stevedore,user437@portauthority.com,Delivered,2026-04-05T14:10:22+00:00
ND0248,N0507,NR0001,email,U0437,Stevedore,user437@portauthority.com,Sent,2026-04-05T14:10:22+00:00
ND0249,N0507,NR0001,in_system,U0443,Stevedore,user443@portauthority.com,Delivered,2026-04-05T14:10:22+00:00
ND0250,N0507,NR0001,email,U0443,Stevedore,user443@portauthority.com,Sent,2026-04-05T14:10:22+00:00
ND0251,N0507,NR0001,in_system,U0488,Stevedore,user488@portauthority.com,Delivered,2026-04-05T14:10:22+00:00
ND0252,N0507,NR0001,email,U0488,Stevedore,user488@portauthority.com,Sent,2026-04-05T14:10:22+00:00
ND0253,N0507,NR0001,in_system,U0500,Stevedore,user500@portauthority.com,Delivered,2026-04-05T14:10:22+00:00
ND0254,N0507,NR0001,email,U0500,Stevedore,user500@portauthority.com,Sent,2026-04-05T14:10:22+00:00
ND0255,N0508,NR0002,in_system,U0019,Harbourmaster,user19@portauthority.com,Delivered,2026-04-05T14:10:22+00:00
ND0256,N0508,NR0002,email,U0019,Harbourmaster,user19@portauthority.com,Sent,2026-04-05T14:10:22+00:00
ND0257,N0508,NR0002,in_system,U0020,Harbourmaster,user20@portauthority.com,Delivered,2026-04-05T14:10:22+00:00
ND0258,N0508,NR0002,email,U0020,Harbourmaster,user20@portauthority.com,Sent,2026-04-05T14:10:22+00:00
ND0259,N0508,NR0002,in_system,U0034,Harbourmaster,user34@portauthority.com,Delivered,2026-04-05T14:10:22+00:00
ND0260,N0508,NR0002,email,U0034,Harbourmaster,user34@portauthority.com,Sent,2026-04-05T14:10:22+00:00
ND0261,N0508,NR0002,in_system,U0050,Harbourmaster,user50@portauthority.com,Delivered,2026-04-05T14:10:22+00:00
ND0262,N0508,NR0002,email,U0050,Harbourmaster,user50@portauthority.com,Sent,2026-04-05T14:10:22+00:00
ND0263,N0508,NR0002,in_system,U0055,Harbourmaster,user55@portauthority.com,Delivered,2026-04-05T14:10:22+00:00
ND0264,N0508,NR0002,email,U0055,Harbourmaster,user55@portauthority.com,Sent,2026-04-05T14:10:22+00:00
ND0265,N0508,NR0002,in_system,U0062,Harbourmaster,user62@portauthority.com,Delivered,2026-04-05T14:10:22+00:00
ND0266,N0508,NR0002,email,U0062,Harbourmaster,user62@portauthority.com,Sent,2026-04-05T14:10:22+00:00
ND0267,N0508,NR0002,in_system,U0077,Harbourmaster,user77@portauthority.com,Delivered,2026-04-05T14:10:22+00:00
ND0268,N0508,NR0002,email,U0077,Harbourmaster,user77@portauthority.com,Sent,2026-04-05T14:10:22+00:00
ND0269,N0508,NR0002,in_system,U0130,Harbourmaster,user130@portauthority.com,Delivered,2026-04-05T14:10:22+00:00
ND0270,N0508,NR0002,email,U0130,Harbourmaster,user130@portauthority.com,Sent,2026-04-05T14:10:22+00:00
ND0271,N0508,NR0002,in_system,U0151,Harbourmaster,user151@portauthority.com,Delivered,2026-04-05T14:10:22+00:00
ND0272,N0508,NR0002,email,U0151,Harbourmaster,user151@portauthority.com,Sent,2026-04-05T14:10:22+00:00
ND0273,N0508,NR0002,in_system,U0154,Harbourmaster,user154@portauthority.com,Delivered,2026-04-05T14:10:22+00:00
ND0274,N0508,NR0002,email,U0154,Harbourmaster,user154@portauthority.com,Sent,2026-04-05T14:10:22+00:00
ND0275,N0508,NR0002,in_system,U0166,Harbourmaster,user166@portauthority.com,Delivered,2026-04-05T14:10:22+00:00
ND0276,N0508,NR0002,email,U0166,Harbourmaster,user166@portauthority.com,Sent,2026-04-05T14:10:22+00:00
ND0277,N0508,NR0002,in_system,U0186,Harbourmaster,user186@portauthority.com,Delivered,2026-04-05T14:10:22+00:00
ND0278,N0508,NR0002,email,U0186,Harbourmaster,user186@portauthority.com,Sent,2026-04-05T14:10:22+00:00
ND0279,N0508,NR0002,in_system,U0196,Harbourmaster,user196@portauthority.com,Delivered,2026-04-05T14:10:22+00:00
ND0280,N0508,NR0002,email,U0196,Harbourmaster,user196@portauthority.com,Sent,2026-04-05T14:10:22+00:00
ND0281,N0508,NR0002,in_system,U0208,Harbourmaster,user208@portauthority.com,Delivered,2026-04-05T14:10:22+00:00
ND0282,N0508,NR0002,email,U0208,Harbourmaster,user208@portauthority.com,Sent,2026-04-05T14:10:22+00:00
ND0283,N0508,NR0002,in_system,U0214,Harbourmaster,user214@portauthority.com,Delivered,2026-04-05T14:10:22+00:00
ND0284,N0508,NR0002,email,U0214,Harbourmaster,user214@portauthority.com,Sent,2026-04-05T14:10:22+00:00
ND0285,N0508,NR0002,in_system,U0242,Harbourmaster,user242@portauthority.com,Delivered,2026-04-05T14:10:22+00:00
ND0286,N0508,NR0002,email,U0242,Harbourmaster,user242@portauthority.com,Sent,2026-04-05T14:10:22+00:00
ND0287,N0508,NR0002,in_system,U0260,Harbourmaster,user260@portauthority.com,Delivered,2026-04-05T14:10:22+00:00
ND0288,N0508,NR0002,email,U0260,Harbourmaster,user260@portauthority.com,Sent,2026-04-05T14:10:22+00:00
ND0289,N0508,NR0002,in_system,U0290,Harbourmaster,user290@portauthority.com,Delivered,2026-04-05T14:10:22+00:00
ND0290,N0508,NR0002,email,U0290,Harbourmaster,user290@portauthority.com,Sent,2026-04-05T14:10:22+00:00
ND0291,N0508,NR0002,in_system,U0300,Harbourmaster,user300@portauthority.com,Delivered,2026-04-05T14:10:22+00:00
ND0292,N0508,NR0002,email,U0300,Harbourmaster,user300@portauthority.com,Sent,2026-04-05T14:10:22+00:00
ND0293,N0508,NR0002,in_system,U0308,Harbourmaster,user308@portauthority.com,Delivered,2026-04-05T14:10:22+00:00
ND0294,N0508,NR0002,email,U0308,Harbourmaster,user308@portauthority.com,Sent,2026-04-05T14:10:22+00:00
ND0295,N0508,NR0002,in_system,U0316,Harbourmaster,user316@portauthority.com,Delivered,2026-04-05T14:10:22+00:00
ND0296,N0508,NR0002,email,U0316,Harbourmaster,user316@portauthority.com,Sent,2026-04-05T14:10:22+00:00
ND0297,N0508,NR0002,in_system,U0319,Harbourmaster,user319@portauthority.com,Delivered,2026-04-05T14:10:22+00:00
ND0298,N0508,NR0002,email,U0319,Harbourmaster,user319@portauthority.com,Sent,2026-04-05T14:10:22+00:00
ND0299,N0508,NR0002,in_system,U0320,Harbourmaster,user320@portauthority.com,Delivered,2026-04-05T14:10:22+00:00
ND0300,N0508,NR0002,email,U0320,Harbourmaster,user320@portauthority.com,Sent,2026-04-05T14:10:22+00:00
ND0301,N0508,NR0002,in_system,U0331,Harbourmaster,user331@portauthority.com,Delivered,2026-04-05T14:10:22+00:00
ND0302,N0508,NR0002,email,U0331,Harbourmaster,user331@portauthority.com,Sent,2026-04-05T14:10:22+00:00
ND0303,N0508,NR0002,in_system,U0337,Harbourmaster,user337@portauthority.com,Delivered,2026-04-05T14:10:22+00:00
ND0304,N0508,NR0002,email,U0337,Harbourmaster,user337@portauthority.com,Sent,2026-04-05T14:10:22+00:00
ND0305,N0508,NR0002,in_system,U0352,Harbourmaster,user352@portauthority.com,Delivered,2026-04-05T14:10:22+00:00
ND0306,N0508,NR0002,email,U0352,Harbourmaster,user352@portauthority.com,Sent,2026-04-05T14:10:22+00:00
ND0307,N0508,NR0002,in_system,U0371,Harbourmaster,user371@portauthority.com,Delivered,2026-04-05T14:10:22+00:00
ND0308,N0508,NR0002,email,U0371,Harbourmaster,user371@portauthority.com,Sent,2026-04-05T14:10:22+00:00
ND0309,N0508,NR0002,in_system,U0378,Harbourmaster,user378@portauthority.com,Delivered,2026-04-05T14:10:22+00:00
ND0310,N0508,NR0002,email,U0378,Harbourmaster,user378@portauthority.com,Sent,2026-04-05T14:10:22+00:00
ND0311,N0508,NR0002,in_system,U0387,Harbourmaster,user387@portauthority.com,Delivered,2026-04-05T14:10:22+00:00
ND0312,N0508,NR0002,email,U0387,Harbourmaster,user387@portauthority.com,Sent,2026-04-05T14:10:22+00:00
ND0313,N0508,NR0002,in_system,U0391,Harbourmaster,user391@portauthority.com,Delivered,2026-04-05T14:10:22+00:00
ND0314,N0508,NR0002,email,U0391,Harbourmaster,user391@portauthority.com,Sent,2026-04-05T14:10:22+00:00
ND0315,N0508,NR0002,in_system,U0412,Harbourmaster,user412@portauthority.com,Delivered,2026-04-05T14:10:22+00:00
ND0316,N0508,NR0002,email,U0412,Harbourmaster,user412@portauthority.com,Sent,2026-04-05T14:10:22+00:00
ND0317,N0508,NR0002,in_system,U0428,Harbourmaster,user428@portauthority.com,Delivered,2026-04-05T14:10:22+00:00
ND0318,N0508,NR0002,email,U0428,Harbourmaster,user428@portauthority.com,Sent,2026-04-05T14:10:22+00:00
ND0319,N0508,NR0002,in_system,U0455,Harbourmaster,user455@portauthority.com,Delivered,2026-04-05T14:10:22+00:00
ND0320,N0508,NR0002,email,U0455,Harbourmaster,user455@portauthority.com,Sent,2026-04-05T14:10:22+00:00
ND0321,N0508,NR0002,in_system,U0481,Harbourmaster,user481@portauthority.com,Delivered,2026-04-05T14:10:22+00:00
ND0322,N0508,NR0002,email,U0481,Harbourmaster,user481@portauthority.com,Sent,2026-04-05T14:10:22+00:00
ND0323,N0508,NR0002,in_system,U0499,Harbourmaster,user499@portauthority.com,Delivered,2026-04-05T14:10:22+00:00
ND0324,N0508,NR0002,email,U0499,Harbourmaster,user499@portauthority.com,Sent,2026-04-05T14:10:22+00:00
ND0325,N0509,NR0003,in_system,U0007,Security Officer,user7@portauthority.com,Delivered,2026-04-05T14:10:22+00:00
ND0326,N0509,NR0003,email,U0007,Security Officer,user7@portauthority.com,Sent,2026-04-05T14:10:22+00:00
ND0327,N0509,NR0003,in_system,U0012,Security Officer,user12@portauthority.com,Delivered,2026-04-05T14:10:22+00:00
ND0328,N0509,NR0003,email,U0012,Security Officer,user12@portauthority.com,Sent,2026-04-05T14:10:22+00:00
ND0329,N0509,NR0003,in_system,U0014,Security Officer,user14@portauthority.com,Delivered,2026-04-05T14:10:22+00:00
ND0330,N0509,NR0003,email,U0014,Security Officer,user14@portauthority.com,Sent,2026-04-05T14:10:22+00:00
ND0331,N0509,NR0003,in_system,U0029,Security Officer,user29@portauthority.com,Delivered,2026-04-05T14:10:22+00:00
ND0332,N0509,NR0003,email,U0029,Security Officer,user29@portauthority.com,Sent,2026-04-05T14:10:22+00:00
ND0333,N0509,NR0003,in_system,U0031,Security Officer,user31@portauthority.com,Delivered,2026-04-05T14:10:22+00:00
ND0334,N0509,NR0003,email,U0031,Security Officer,user31@portauthority.com,Sent,2026-04-05T14:10:22+00:00
ND0335,N0509,NR0003,in_system,U0036,Security Officer,user36@portauthority.com,Delivered,2026-04-05T14:10:22+00:00
ND0336,N0509,NR0003,email,U0036,Security Officer,user36@portauthority.com,Sent,2026-04-05T14:10:22+00:00
ND0337,N0509,NR0003,in_system,U0052,Security Officer,user52@portauthority.com,Delivered,2026-04-05T14:10:22+00:00
ND0338,N0509,NR0003,email,U0052,Security Officer,user52@portauthority.com,Sent,2026-04-05T14:10:22+00:00
ND0339,N0509,NR0003,in_system,U0083,Security Officer,user83@portauthority.com,Delivered,2026-04-05T14:10:22+00:00
ND0340,N0509,NR0003,email,U0083,Security Officer,user83@portauthority.com,Sent,2026-04-05T14:10:22+00:00
ND0341,N0509,NR0003,in_system,U0085,Security Officer,user85@portauthority.com,Delivered,2026-04-05T14:10:22+00:00
ND0342,N0509,NR0003,email,U0085,Security Officer,user85@portauthority.com,Sent,2026-04-05T14:10:22+00:00
ND0343,N0509,NR0003,in_system,U0096,Security Officer,user96@portauthority.com,Delivered,2026-04-05T14:10:22+00:00
ND0344,N0509,NR0003,email,U0096,Security Officer,user96@portauthority.com,Sent,2026-04-05T14:10:22+00:00
ND0345,N0509,NR0003,in_system,U0097,Security Officer,user97@portauthority.com,Delivered,2026-04-05T14:10:22+00:00
ND0346,N0509,NR0003,email,U0097,Security Officer,user97@portauthority.com,Sent,2026-04-05T14:10:22+00:00
ND0347,N0509,NR0003,in_system,U0105,Security Officer,user105@portauthority.com,Delivered,2026-04-05T14:10:22+00:00
ND0348,N0509,NR0003,email,U0105,Security Officer,user105@portauthority.com,Sent,2026-04-05T14:10:22+00:00
ND0349,N0509,NR0003,in_system,U0122,Security Officer,user122@portauthority.com,Delivered,2026-04-05T14:10:22+00:00
ND0350,N0509,NR0003,email,U0122,Security Officer,user122@portauthority.com,Sent,2026-04-05T14:10:22+00:00
ND0351,N0509,NR0003,in_system,U0135,Security Officer,user135@portauthority.com,Delivered,2026-04-05T14:10:22+00:00
ND0352,N0509,NR0003,email,U0135,Security Officer,user135@portauthority.com,Sent,2026-04-05T14:10:22+00:00
ND0353,N0509,NR0003,in_system,U0159,Security Officer,user159@portauthority.com,Delivered,2026-04-05T14:10:22+00:00
ND0354,N0509,NR0003,email,U0159,Security Officer,user159@portauthority.com,Sent,2026-04-05T14:10:22+00:00
ND0355,N0509,NR0003,in_system,U0173,Security Officer,user173@portauthority.com,Delivered,2026-04-05T14:10:22+00:00
ND0356,N0509,NR0003,email,U0173,Security Officer,user173@portauthority.com,Sent,2026-04-05T14:10:22+00:00
ND0357,N0509,NR0003,in_system,U0194,Security Officer,user194@portauthority.com,Delivered,2026-04-05T14:10:22+00:00
ND0358,N0509,NR0003,email,U0194,Security Officer,user194@portauthority.com,Sent,2026-04-05T14:10:22+00:00
ND0359,N0509,NR0003,in_system,U0215,Security Officer,user215@portauthority.com,Delivered,2026-04-05T14:10:22+00:00
ND0360,N0509,NR0003,email,U0215,Security Officer,user215@portauthority.com,Sent,2026-04-05T14:10:22+00:00
ND0361,N0509,NR0003,in_system,U0280,Security Officer,user280@portauthority.com,Delivered,2026-04-05T14:10:22+00:00
ND0362,N0509,NR0003,email,U0280,Security Officer,user280@portauthority.com,Sent,2026-04-05T14:10:22+00:00
ND0363,N0509,NR0003,in_system,U0283,Security Officer,user283@portauthority.com,Delivered,2026-04-05T14:10:22+00:00
ND0364,N0509,NR0003,email,U0283,Security Officer,user283@portauthority.com,Sent,2026-04-05T14:10:22+00:00
ND0365,N0509,NR0003,in_system,U0296,Security Officer,user296@portauthority.com,Delivered,2026-04-05T14:10:22+00:00
ND0366,N0509,NR0003,email,U0296,Security Officer,user296@portauthority.com,Sent,2026-04-05T14:10:22+00:00
ND0367,N0509,NR0003,in_system,U0328,Security Officer,user328@portauthority.com,Delivered,2026-04-05T14:10:22+00:00
ND0368,N0509,NR0003,email,U0328,Security Officer,user328@portauthority.com,Sent,2026-04-05T14:10:22+00:00
ND0369,N0509,NR0003,in_system,U0329,Security Officer,user329@portauthority.com,Delivered,2026-04-05T14:10:22+00:00
ND0370,N0509,NR0003,email,U0329,Security Officer,user329@portauthority.com,Sent,2026-04-05T14:10:22+00:00
ND0371,N0509,NR0003,in_system,U0336,Security Officer,user336@portauthority.com,Delivered,2026-04-05T14:10:22+00:00
ND0372,N0509,NR0003,email,U0336,Security Officer,user336@portauthority.com,Sent,2026-04-05T14:10:22+00:00
ND0373,N0509,NR0003,in_system,U0338,Security Officer,user338@portauthority.com,Delivered,2026-04-05T14:10:22+00:00
ND0374,N0509,NR0003,email,U0338,Security Officer,user338@portauthority.com,Sent,2026-04-05T14:10:22+00:00
ND0375,N0509,NR0003,in_system,U0355,Security Officer,user355@portauthority.com,Delivered,2026-04-05T14:10:22+00:00
ND0376,N0509,NR0003,email,U0355,Security Officer,user355@portauthority.com,Sent,2026-04-05T14:10:22+00:00
ND0377,N0509,NR0003,in_system,U0370,Security Officer,user370@portauthority.com,Delivered,2026-04-05T14:10:22+00:00
ND0378,N0509,NR0003,email,U0370,Security Officer,user370@portauthority.com,Sent,2026-04-05T14:10:22+00:00
ND0379,N0509,NR0003,in_system,U0398,Security Officer,user398@portauthority.com,Delivered,2026-04-05T14:10:22+00:00
ND0380,N0509,NR0003,email,U0398,Security Officer,user398@portauthority.com,Sent,2026-04-05T14:10:22+00:00
ND0381,N0509,NR0003,in_system,U0422,Security Officer,user422@portauthority.com,Delivered,2026-04-05T14:10:22+00:00
ND0382,N0509,NR0003,email,U0422,Security Officer,user422@portauthority.com,Sent,2026-04-05T14:10:22+00:00
ND0383,N0509,NR0003,in_system,U0439,Security Officer,user439@portauthority.com,Delivered,2026-04-05T14:10:22+00:00
ND0384,N0509,NR0003,email,U0439,Security Officer,user439@portauthority.com,Sent,2026-04-05T14:10:22+00:00
ND0385,N0509,NR0003,in_system,U0450,Security Officer,user450@portauthority.com,Delivered,2026-04-05T14:10:22+00:00
ND0386,N0509,NR0003,email,U0450,Security Officer,user450@portauthority.com,Sent,2026-04-05T14:10:22+00:00
ND0387,N0509,NR0003,in_system,U0467,Security Officer,user467@portauthority.com,Delivered,2026-04-05T14:10:22+00:00
ND0388,N0509,NR0003,email,U0467,Security Officer,user467@portauthority.com,Sent,2026-04-05T14:10:22+00:00
ND0389,N0509,NR0003,in_system,U0485,Security Officer,user485@portauthority.com,Delivered,2026-04-05T14:10:22+00:00
ND0390,N0509,NR0003,email,U0485,Security Officer,user485@portauthority.com,Sent,2026-04-05T14:10:22+00:00
ND0391,N0509,NR0003,in_system,U0486,Security Officer,user486@portauthority.com,Delivered,2026-04-05T14:10:22+00:00
ND0392,N0509,NR0003,email,U0486,Security Officer,user486@portauthority.com,Sent,2026-04-05T14:10:22+00:00
ND0393,N0511,NR0005,in_system,U0015,Stevedore,user15@portauthority.com,Delivered,2026-04-05T14:10:22+00:00
ND0394,N0511,NR0005,in_system,U0024,Stevedore,user24@portauthority.com,Delivered,2026-04-05T14:10:22+00:00
ND0395,N0511,NR0005,in_system,U0028,Stevedore,user28@portauthority.com,Delivered,2026-04-05T14:10:22+00:00
ND0396,N0511,NR0005,in_system,U0035,Stevedore,user35@portauthority.com,Delivered,2026-04-05T14:10:22+00:00
ND0397,N0511,NR0005,in_system,U0041,Stevedore,user41@portauthority.com,Delivered,2026-04-05T14:10:22+00:00
ND0398,N0511,NR0005,in_system,U0045,Stevedore,user45@portauthority.com,Delivered,2026-04-05T14:10:22+00:00
ND0399,N0511,NR0005,in_system,U0053,Stevedore,user53@portauthority.com,Delivered,2026-04-05T14:10:22+00:00
ND0400,N0511,NR0005,in_system,U0060,Stevedore,user60@portauthority.com,Delivered,2026-04-05T14:10:22+00:00
ND0401,N0511,NR0005,in_system,U0069,Stevedore,user69@portauthority.com,Delivered,2026-04-05T14:10:22+00:00
ND0402,N0511,NR0005,in_system,U0104,Stevedore,user104@portauthority.com,Delivered,2026-04-05T14:10:22+00:00
ND0403,N0511,NR0005,in_system,U0107,Stevedore,user107@portauthority.com,Delivered,2026-04-05T14:10:22+00:00
ND0404,N0511,NR0005,in_system,U0109,Stevedore,user109@portauthority.com,Delivered,2026-04-05T14:10:22+00:00
ND0405,N0511,NR0005,in_system,U0134,Stevedore,user134@portauthority.com,Delivered,2026-04-05T14:10:22+00:00
ND0406,N0511,NR0005,in_system,U0137,Stevedore,user137@portauthority.com,Delivered,2026-04-05T14:10:22+00:00
ND0407,N0511,NR0005,in_system,U0181,Stevedore,user181@portauthority.com,Delivered,2026-04-05T14:10:22+00:00
ND0408,N0511,NR0005,in_system,U0183,Stevedore,user183@portauthority.com,Delivered,2026-04-05T14:10:22+00:00
ND0409,N0511,NR0005,in_system,U0185,Stevedore,user185@portauthority.com,Delivered,2026-04-05T14:10:22+00:00
ND0410,N0511,NR0005,in_system,U0190,Stevedore,user190@portauthority.com,Delivered,2026-04-05T14:10:22+00:00
ND0411,N0511,NR0005,in_system,U0200,Stevedore,user200@portauthority.com,Delivered,2026-04-05T14:10:22+00:00
ND0412,N0511,NR0005,in_system,U0217,Stevedore,user217@portauthority.com,Delivered,2026-04-05T14:10:22+00:00
ND0413,N0511,NR0005,in_system,U0237,Stevedore,user237@portauthority.com,Delivered,2026-04-05T14:10:22+00:00
ND0414,N0511,NR0005,in_system,U0238,Stevedore,user238@portauthority.com,Delivered,2026-04-05T14:10:22+00:00
ND0415,N0511,NR0005,in_system,U0247,Stevedore,user247@portauthority.com,Delivered,2026-04-05T14:10:22+00:00
ND0416,N0511,NR0005,in_system,U0253,Stevedore,user253@portauthority.com,Delivered,2026-04-05T14:10:22+00:00
ND0417,N0511,NR0005,in_system,U0271,Stevedore,user271@portauthority.com,Delivered,2026-04-05T14:10:22+00:00
ND0418,N0511,NR0005,in_system,U0294,Stevedore,user294@portauthority.com,Delivered,2026-04-05T14:10:22+00:00
ND0419,N0511,NR0005,in_system,U0295,Stevedore,user295@portauthority.com,Delivered,2026-04-05T14:10:22+00:00
ND0420,N0511,NR0005,in_system,U0309,Stevedore,user309@portauthority.com,Delivered,2026-04-05T14:10:22+00:00
ND0421,N0511,NR0005,in_system,U0313,Stevedore,user313@portauthority.com,Delivered,2026-04-05T14:10:22+00:00
ND0422,N0511,NR0005,in_system,U0348,Stevedore,user348@portauthority.com,Delivered,2026-04-05T14:10:22+00:00
ND0423,N0511,NR0005,in_system,U0363,Stevedore,user363@portauthority.com,Delivered,2026-04-05T14:10:22+00:00
ND0424,N0511,NR0005,in_system,U0366,Stevedore,user366@portauthority.com,Delivered,2026-04-05T14:10:22+00:00
ND0425,N0511,NR0005,in_system,U0437,Stevedore,user437@portauthority.com,Delivered,2026-04-05T14:10:22+00:00
ND0426,N0511,NR0005,in_system,U0443,Stevedore,user443@portauthority.com,Delivered,2026-04-05T14:10:22+00:00
ND0427,N0511,NR0005,in_system,U0488,Stevedore,user488@portauthority.com,Delivered,2026-04-05T14:10:22+00:00
ND0428,N0511,NR0005,in_system,U0500,Stevedore,user500@portauthority.com,Delivered,2026-04-05T14:10:22+00:00
ND0429,N0512,NR0001,in_system,U0015,Stevedore,user15@portauthority.com,Delivered,2026-04-05T14:15:43+00:00
ND0430,N0512,NR0001,email,U0015,Stevedore,user15@portauthority.com,Sent,2026-04-05T14:15:43+00:00
ND0431,N0512,NR0001,in_system,U0024,Stevedore,user24@portauthority.com,Delivered,2026-04-05T14:15:43+00:00
ND0432,N0512,NR0001,email,U0024,Stevedore,user24@portauthority.com,Sent,2026-04-05T14:15:43+00:00
ND0433,N0512,NR0001,in_system,U0028,Stevedore,user28@portauthority.com,Delivered,2026-04-05T14:15:43+00:00
ND0434,N0512,NR0001,email,U0028,Stevedore,user28@portauthority.com,Sent,2026-04-05T14:15:43+00:00
ND0435,N0512,NR0001,in_system,U0035,Stevedore,user35@portauthority.com,Delivered,2026-04-05T14:15:43+00:00
ND0436,N0512,NR0001,email,U0035,Stevedore,user35@portauthority.com,Sent,2026-04-05T14:15:43+00:00
ND0437,N0512,NR0001,in_system,U0041,Stevedore,user41@portauthority.com,Delivered,2026-04-05T14:15:43+00:00
ND0438,N0512,NR0001,email,U0041,Stevedore,user41@portauthority.com,Sent,2026-04-05T14:15:43+00:00
ND0439,N0512,NR0001,in_system,U0045,Stevedore,user45@portauthority.com,Delivered,2026-04-05T14:15:43+00:00
ND0440,N0512,NR0001,email,U0045,Stevedore,user45@portauthority.com,Sent,2026-04-05T14:15:43+00:00
ND0441,N0512,NR0001,in_system,U0053,Stevedore,user53@portauthority.com,Delivered,2026-04-05T14:15:43+00:00
ND0442,N0512,NR0001,email,U0053,Stevedore,user53@portauthority.com,Sent,2026-04-05T14:15:43+00:00
ND0443,N0512,NR0001,in_system,U0060,Stevedore,user60@portauthority.com,Delivered,2026-04-05T14:15:43+00:00
ND0444,N0512,NR0001,email,U0060,Stevedore,user60@portauthority.com,Sent,2026-04-05T14:15:43+00:00
ND0445,N0512,NR0001,in_system,U0069,Stevedore,user69@portauthority.com,Delivered,2026-04-05T14:15:43+00:00
ND0446,N0512,NR0001,email,U0069,Stevedore,user69@portauthority.com,Sent,2026-04-05T14:15:43+00:00
ND0447,N0512,NR0001,in_system,U0104,Stevedore,user104@portauthority.com,Delivered,2026-04-05T14:15:43+00:00
ND0448,N0512,NR0001,email,U0104,Stevedore,user104@portauthority.com,Sent,2026-04-05T14:15:43+00:00
ND0449,N0512,NR0001,in_system,U0107,Stevedore,user107@portauthority.com,Delivered,2026-04-05T14:15:43+00:00
ND0450,N0512,NR0001,email,U0107,Stevedore,user107@portauthority.com,Sent,2026-04-05T14:15:43+00:00
ND0451,N0512,NR0001,in_system,U0109,Stevedore,user109@portauthority.com,Delivered,2026-04-05T14:15:43+00:00
ND0452,N0512,NR0001,email,U0109,Stevedore,user109@portauthority.com,Sent,2026-04-05T14:15:43+00:00
ND0453,N0512,NR0001,in_system,U0134,Stevedore,user134@portauthority.com,Delivered,2026-04-05T14:15:43+00:00
ND0454,N0512,NR0001,email,U0134,Stevedore,user134@portauthority.com,Sent,2026-04-05T14:15:43+00:00
ND0455,N0512,NR0001,in_system,U0137,Stevedore,user137@portauthority.com,Delivered,2026-04-05T14:15:43+00:00
ND0456,N0512,NR0001,email,U0137,Stevedore,user137@portauthority.com,Sent,2026-04-05T14:15:43+00:00
ND0457,N0512,NR0001,in_system,U0181,Stevedore,user181@portauthority.com,Delivered,2026-04-05T14:15:43+00:00
ND0458,N0512,NR0001,email,U0181,Stevedore,user181@portauthority.com,Sent,2026-04-05T14:15:43+00:00
ND0459,N0512,NR0001,in_system,U0183,Stevedore,user183@portauthority.com,Delivered,2026-04-05T14:15:43+00:00
ND0460,N0512,NR0001,email,U0183,Stevedore,user183@portauthority.com,Sent,2026-04-05T14:15:43+00:00
ND0461,N0512,NR0001,in_system,U0185,Stevedore,user185@portauthority.com,Delivered,2026-04-05T14:15:43+00:00
ND0462,N0512,NR0001,email,U0185,Stevedore,user185@portauthority.com,Sent,2026-04-05T14:15:43+00:00
ND0463,N0512,NR0001,in_system,U0190,Stevedore,user190@portauthority.com,Delivered,2026-04-05T14:15:43+00:00
ND0464,N0512,NR0001,email,U0190,Stevedore,user190@portauthority.com,Sent,2026-04-05T14:15:43+00:00
ND0465,N0512,NR0001,in_system,U0200,Stevedore,user200@portauthority.com,Delivered,2026-04-05T14:15:43+00:00
ND0466,N0512,NR0001,email,U0200,Stevedore,user200@portauthority.com,Sent,2026-04-05T14:15:43+00:00
ND0467,N0512,NR0001,in_system,U0217,Stevedore,user217@portauthority.com,Delivered,2026-04-05T14:15:43+00:00
ND0468,N0512,NR0001,email,U0217,Stevedore,user217@portauthority.com,Sent,2026-04-05T14:15:43+00:00
ND0469,N0512,NR0001,in_system,U0237,Stevedore,user237@portauthority.com,Delivered,2026-04-05T14:15:43+00:00
ND0470,N0512,NR0001,email,U0237,Stevedore,user237@portauthority.com,Sent,2026-04-05T14:15:43+00:00
ND0471,N0512,NR0001,in_system,U0238,Stevedore,user238@portauthority.com,Delivered,2026-04-05T14:15:43+00:00
ND0472,N0512,NR0001,email,U0238,Stevedore,user238@portauthority.com,Sent,2026-04-05T14:15:43+00:00
ND0473,N0512,NR0001,in_system,U0247,Stevedore,user247@portauthority.com,Delivered,2026-04-05T14:15:43+00:00
ND0474,N0512,NR0001,email,U0247,Stevedore,user247@portauthority.com,Sent,2026-04-05T14:15:43+00:00
ND0475,N0512,NR0001,in_system,U0253,Stevedore,user253@portauthority.com,Delivered,2026-04-05T14:15:43+00:00
ND0476,N0512,NR0001,email,U0253,Stevedore,user253@portauthority.com,Sent,2026-04-05T14:15:43+00:00
ND0477,N0512,NR0001,in_system,U0271,Stevedore,user271@portauthority.com,Delivered,2026-04-05T14:15:43+00:00
ND0478,N0512,NR0001,email,U0271,Stevedore,user271@portauthority.com,Sent,2026-04-05T14:15:43+00:00
ND0479,N0512,NR0001,in_system,U0294,Stevedore,user294@portauthority.com,Delivered,2026-04-05T14:15:43+00:00
ND0480,N0512,NR0001,email,U0294,Stevedore,user294@portauthority.com,Sent,2026-04-05T14:15:43+00:00
ND0481,N0512,NR0001,in_system,U0295,Stevedore,user295@portauthority.com,Delivered,2026-04-05T14:15:43+00:00
ND0482,N0512,NR0001,email,U0295,Stevedore,user295@portauthority.com,Sent,2026-04-05T14:15:43+00:00
ND0483,N0512,NR0001,in_system,U0309,Stevedore,user309@portauthority.com,Delivered,2026-04-05T14:15:43+00:00
ND0484,N0512,NR0001,email,U0309,Stevedore,user309@portauthority.com,Sent,2026-04-05T14:15:43+00:00
ND0485,N0512,NR0001,in_system,U0313,Stevedore,user313@portauthority.com,Delivered,2026-04-05T14:15:43+00:00
ND0486,N0512,NR0001,email,U0313,Stevedore,user313@portauthority.com,Sent,2026-04-05T14:15:43+00:00
ND0487,N0512,NR0001,in_system,U0348,Stevedore,user348@portauthority.com,Delivered,2026-04-05T14:15:43+00:00
ND0488,N0512,NR0001,email,U0348,Stevedore,user348@portauthority.com,Sent,2026-04-05T14:15:43+00:00
ND0489,N0512,NR0001,in_system,U0363,Stevedore,user363@portauthority.com,Delivered,2026-04-05T14:15:43+00:00
ND0490,N0512,NR0001,email,U0363,Stevedore,user363@portauthority.com,Sent,2026-04-05T14:15:43+00:00
ND0491,N0512,NR0001,in_system,U0366,Stevedore,user366@portauthority.com,Delivered,2026-04-05T14:15:43+00:00
ND0492,N0512,NR0001,email,U0366,Stevedore,user366@portauthority.com,Sent,2026-04-05T14:15:43+00:00
ND0493,N0512,NR0001,in_system,U0437,Stevedore,user437@portauthority.com,Delivered,2026-04-05T14:15:43+00:00
ND0494,N0512,NR0001,email,U0437,Stevedore,user437@portauthority.com,Sent,2026-04-05T14:15:43+00:00
ND0495,N0512,NR0001,in_system,U0443,Stevedore,user443@portauthority.com,Delivered,2026-04-05T14:15:43+00:00
ND0496,N0512,NR0001,email,U0443,Stevedore,user443@portauthority.com,Sent,2026-04-05T14:15:43+00:00
ND0497,N0512,NR0001,in_system,U0488,Stevedore,user488@portauthority.com,Delivered,2026-04-05T14:15:43+00:00
ND0498,N0512,NR0001,email,U0488,Stevedore,user488@portauthority.com,Sent,2026-04-05T14:15:43+00:00
ND0499,N0512,NR0001,in_system,U0500,Stevedore,user500@portauthority.com,Delivered,2026-04-05T14:15:44+00:00
ND0500,N0512,NR0001,email,U0500,Stevedore,user500@portauthority.com,Sent,2026-04-05T14:15:44+00:00
ND0501,N0513,NR0002,in_system,U0019,Harbourmaster,user19@portauthority.com,Delivered,2026-04-05T14:15:44+00:00
ND0502,N0513,NR0002,email,U0019,Harbourmaster,user19@portauthority.com,Sent,2026-04-05T14:15:44+00:00
ND0503,N0513,NR0002,in_system,U0020,Harbourmaster,user20@portauthority.com,Delivered,2026-04-05T14:15:44+00:00
ND0504,N0513,NR0002,email,U0020,Harbourmaster,user20@portauthority.com,Sent,2026-04-05T14:15:44+00:00
ND0505,N0513,NR0002,in_system,U0034,Harbourmaster,user34@portauthority.com,Delivered,2026-04-05T14:15:44+00:00
ND0506,N0513,NR0002,email,U0034,Harbourmaster,user34@portauthority.com,Sent,2026-04-05T14:15:44+00:00
ND0507,N0513,NR0002,in_system,U0050,Harbourmaster,user50@portauthority.com,Delivered,2026-04-05T14:15:44+00:00
ND0508,N0513,NR0002,email,U0050,Harbourmaster,user50@portauthority.com,Sent,2026-04-05T14:15:44+00:00
ND0509,N0513,NR0002,in_system,U0055,Harbourmaster,user55@portauthority.com,Delivered,2026-04-05T14:15:44+00:00
ND0510,N0513,NR0002,email,U0055,Harbourmaster,user55@portauthority.com,Sent,2026-04-05T14:15:44+00:00
ND0511,N0513,NR0002,in_system,U0062,Harbourmaster,user62@portauthority.com,Delivered,2026-04-05T14:15:44+00:00
ND0512,N0513,NR0002,email,U0062,Harbourmaster,user62@portauthority.com,Sent,2026-04-05T14:15:44+00:00
ND0513,N0513,NR0002,in_system,U0077,Harbourmaster,user77@portauthority.com,Delivered,2026-04-05T14:15:44+00:00
ND0514,N0513,NR0002,email,U0077,Harbourmaster,user77@portauthority.com,Sent,2026-04-05T14:15:44+00:00
ND0515,N0513,NR0002,in_system,U0130,Harbourmaster,user130@portauthority.com,Delivered,2026-04-05T14:15:44+00:00
ND0516,N0513,NR0002,email,U0130,Harbourmaster,user130@portauthority.com,Sent,2026-04-05T14:15:44+00:00
ND0517,N0513,NR0002,in_system,U0151,Harbourmaster,user151@portauthority.com,Delivered,2026-04-05T14:15:44+00:00
ND0518,N0513,NR0002,email,U0151,Harbourmaster,user151@portauthority.com,Sent,2026-04-05T14:15:44+00:00
ND0519,N0513,NR0002,in_system,U0154,Harbourmaster,user154@portauthority.com,Delivered,2026-04-05T14:15:44+00:00
ND0520,N0513,NR0002,email,U0154,Harbourmaster,user154@portauthority.com,Sent,2026-04-05T14:15:44+00:00
ND0521,N0513,NR0002,in_system,U0166,Harbourmaster,user166@portauthority.com,Delivered,2026-04-05T14:15:44+00:00
ND0522,N0513,NR0002,email,U0166,Harbourmaster,user166@portauthority.com,Sent,2026-04-05T14:15:44+00:00
ND0523,N0513,NR0002,in_system,U0186,Harbourmaster,user186@portauthority.com,Delivered,2026-04-05T14:15:44+00:00
ND0524,N0513,NR0002,email,U0186,Harbourmaster,user186@portauthority.com,Sent,2026-04-05T14:15:44+00:00
ND0525,N0513,NR0002,in_system,U0196,Harbourmaster,user196@portauthority.com,Delivered,2026-04-05T14:15:44+00:00
ND0526,N0513,NR0002,email,U0196,Harbourmaster,user196@portauthority.com,Sent,2026-04-05T14:15:44+00:00
ND0527,N0513,NR0002,in_system,U0208,Harbourmaster,user208@portauthority.com,Delivered,2026-04-05T14:15:44+00:00
ND0528,N0513,NR0002,email,U0208,Harbourmaster,user208@portauthority.com,Sent,2026-04-05T14:15:44+00:00
ND0529,N0513,NR0002,in_system,U0214,Harbourmaster,user214@portauthority.com,Delivered,2026-04-05T14:15:44+00:00
ND0530,N0513,NR0002,email,U0214,Harbourmaster,user214@portauthority.com,Sent,2026-04-05T14:15:44+00:00
ND0531,N0513,NR0002,in_system,U0242,Harbourmaster,user242@portauthority.com,Delivered,2026-04-05T14:15:44+00:00
ND0532,N0513,NR0002,email,U0242,Harbourmaster,user242@portauthority.com,Sent,2026-04-05T14:15:44+00:00
ND0533,N0513,NR0002,in_system,U0260,Harbourmaster,user260@portauthority.com,Delivered,2026-04-05T14:15:44+00:00
ND0534,N0513,NR0002,email,U0260,Harbourmaster,user260@portauthority.com,Sent,2026-04-05T14:15:44+00:00
ND0535,N0513,NR0002,in_system,U0290,Harbourmaster,user290@portauthority.com,Delivered,2026-04-05T14:15:44+00:00
ND0536,N0513,NR0002,email,U0290,Harbourmaster,user290@portauthority.com,Sent,2026-04-05T14:15:44+00:00
ND0537,N0513,NR0002,in_system,U0300,Harbourmaster,user300@portauthority.com,Delivered,2026-04-05T14:15:44+00:00
ND0538,N0513,NR0002,email,U0300,Harbourmaster,user300@portauthority.com,Sent,2026-04-05T14:15:44+00:00
ND0539,N0513,NR0002,in_system,U0308,Harbourmaster,user308@portauthority.com,Delivered,2026-04-05T14:15:44+00:00
ND0540,N0513,NR0002,email,U0308,Harbourmaster,user308@portauthority.com,Sent,2026-04-05T14:15:44+00:00
ND0541,N0513,NR0002,in_system,U0316,Harbourmaster,user316@portauthority.com,Delivered,2026-04-05T14:15:44+00:00
ND0542,N0513,NR0002,email,U0316,Harbourmaster,user316@portauthority.com,Sent,2026-04-05T14:15:44+00:00
ND0543,N0513,NR0002,in_system,U0319,Harbourmaster,user319@portauthority.com,Delivered,2026-04-05T14:15:44+00:00
ND0544,N0513,NR0002,email,U0319,Harbourmaster,user319@portauthority.com,Sent,2026-04-05T14:15:44+00:00
ND0545,N0513,NR0002,in_system,U0320,Harbourmaster,user320@portauthority.com,Delivered,2026-04-05T14:15:44+00:00
ND0546,N0513,NR0002,email,U0320,Harbourmaster,user320@portauthority.com,Sent,2026-04-05T14:15:44+00:00
ND0547,N0513,NR0002,in_system,U0331,Harbourmaster,user331@portauthority.com,Delivered,2026-04-05T14:15:44+00:00
ND0548,N0513,NR0002,email,U0331,Harbourmaster,user331@portauthority.com,Sent,2026-04-05T14:15:44+00:00
ND0549,N0513,NR0002,in_system,U0337,Harbourmaster,user337@portauthority.com,Delivered,2026-04-05T14:15:44+00:00
ND0550,N0513,NR0002,email,U0337,Harbourmaster,user337@portauthority.com,Sent,2026-04-05T14:15:44+00:00
ND0551,N0513,NR0002,in_system,U0352,Harbourmaster,user352@portauthority.com,Delivered,2026-04-05T14:15:44+00:00
ND0552,N0513,NR0002,email,U0352,Harbourmaster,user352@portauthority.com,Sent,2026-04-05T14:15:44+00:00
ND0553,N0513,NR0002,in_system,U0371,Harbourmaster,user371@portauthority.com,Delivered,2026-04-05T14:15:44+00:00
ND0554,N0513,NR0002,email,U0371,Harbourmaster,user371@portauthority.com,Sent,2026-04-05T14:15:44+00:00
ND0555,N0513,NR0002,in_system,U0378,Harbourmaster,user378@portauthority.com,Delivered,2026-04-05T14:15:44+00:00
ND0556,N0513,NR0002,email,U0378,Harbourmaster,user378@portauthority.com,Sent,2026-04-05T14:15:44+00:00
ND0557,N0513,NR0002,in_system,U0387,Harbourmaster,user387@portauthority.com,Delivered,2026-04-05T14:15:44+00:00
ND0558,N0513,NR0002,email,U0387,Harbourmaster,user387@portauthority.com,Sent,2026-04-05T14:15:44+00:00
ND0559,N0513,NR0002,in_system,U0391,Harbourmaster,user391@portauthority.com,Delivered,2026-04-05T14:15:44+00:00
ND0560,N0513,NR0002,email,U0391,Harbourmaster,user391@portauthority.com,Sent,2026-04-05T14:15:44+00:00
ND0561,N0513,NR0002,in_system,U0412,Harbourmaster,user412@portauthority.com,Delivered,2026-04-05T14:15:44+00:00
ND0562,N0513,NR0002,email,U0412,Harbourmaster,user412@portauthority.com,Sent,2026-04-05T14:15:44+00:00
ND0563,N0513,NR0002,in_system,U0428,Harbourmaster,user428@portauthority.com,Delivered,2026-04-05T14:15:44+00:00
ND0564,N0513,NR0002,email,U0428,Harbourmaster,user428@portauthority.com,Sent,2026-04-05T14:15:44+00:00
ND0565,N0513,NR0002,in_system,U0455,Harbourmaster,user455@portauthority.com,Delivered,2026-04-05T14:15:44+00:00
ND0566,N0513,NR0002,email,U0455,Harbourmaster,user455@portauthority.com,Sent,2026-04-05T14:15:44+00:00
ND0567,N0513,NR0002,in_system,U0481,Harbourmaster,user481@portauthority.com,Delivered,2026-04-05T14:15:44+00:00
ND0568,N0513,NR0002,email,U0481,Harbourmaster,user481@portauthority.com,Sent,2026-04-05T14:15:44+00:00
ND0569,N0513,NR0002,in_system,U0499,Harbourmaster,user499@portauthority.com,Delivered,2026-04-05T14:15:44+00:00
ND0570,N0513,NR0002,email,U0499,Harbourmaster,user499@portauthority.com,Sent,2026-04-05T14:15:44+00:00
ND0571,N0514,NR0003,in_system,U0007,Security Officer,user7@portauthority.com,Delivered,2026-04-05T14:15:44+00:00
ND0572,N0514,NR0003,email,U0007,Security Officer,user7@portauthority.com,Sent,2026-04-05T14:15:44+00:00
ND0573,N0514,NR0003,in_system,U0012,Security Officer,user12@portauthority.com,Delivered,2026-04-05T14:15:44+00:00
ND0574,N0514,NR0003,email,U0012,Security Officer,user12@portauthority.com,Sent,2026-04-05T14:15:44+00:00
ND0575,N0514,NR0003,in_system,U0014,Security Officer,user14@portauthority.com,Delivered,2026-04-05T14:15:44+00:00
ND0576,N0514,NR0003,email,U0014,Security Officer,user14@portauthority.com,Sent,2026-04-05T14:15:44+00:00
ND0577,N0514,NR0003,in_system,U0029,Security Officer,user29@portauthority.com,Delivered,2026-04-05T14:15:44+00:00
ND0578,N0514,NR0003,email,U0029,Security Officer,user29@portauthority.com,Sent,2026-04-05T14:15:44+00:00
ND0579,N0514,NR0003,in_system,U0031,Security Officer,user31@portauthority.com,Delivered,2026-04-05T14:15:44+00:00
ND0580,N0514,NR0003,email,U0031,Security Officer,user31@portauthority.com,Sent,2026-04-05T14:15:44+00:00
ND0581,N0514,NR0003,in_system,U0036,Security Officer,user36@portauthority.com,Delivered,2026-04-05T14:15:44+00:00
ND0582,N0514,NR0003,email,U0036,Security Officer,user36@portauthority.com,Sent,2026-04-05T14:15:44+00:00
ND0583,N0514,NR0003,in_system,U0052,Security Officer,user52@portauthority.com,Delivered,2026-04-05T14:15:44+00:00
ND0584,N0514,NR0003,email,U0052,Security Officer,user52@portauthority.com,Sent,2026-04-05T14:15:44+00:00
ND0585,N0514,NR0003,in_system,U0083,Security Officer,user83@portauthority.com,Delivered,2026-04-05T14:15:44+00:00
ND0586,N0514,NR0003,email,U0083,Security Officer,user83@portauthority.com,Sent,2026-04-05T14:15:44+00:00
ND0587,N0514,NR0003,in_system,U0085,Security Officer,user85@portauthority.com,Delivered,2026-04-05T14:15:44+00:00
ND0588,N0514,NR0003,email,U0085,Security Officer,user85@portauthority.com,Sent,2026-04-05T14:15:44+00:00
ND0589,N0514,NR0003,in_system,U0096,Security Officer,user96@portauthority.com,Delivered,2026-04-05T14:15:44+00:00
ND0590,N0514,NR0003,email,U0096,Security Officer,user96@portauthority.com,Sent,2026-04-05T14:15:44+00:00
ND0591,N0514,NR0003,in_system,U0097,Security Officer,user97@portauthority.com,Delivered,2026-04-05T14:15:44+00:00
ND0592,N0514,NR0003,email,U0097,Security Officer,user97@portauthority.com,Sent,2026-04-05T14:15:44+00:00
ND0593,N0514,NR0003,in_system,U0105,Security Officer,user105@portauthority.com,Delivered,2026-04-05T14:15:44+00:00
ND0594,N0514,NR0003,email,U0105,Security Officer,user105@portauthority.com,Sent,2026-04-05T14:15:44+00:00
ND0595,N0514,NR0003,in_system,U0122,Security Officer,user122@portauthority.com,Delivered,2026-04-05T14:15:44+00:00
ND0596,N0514,NR0003,email,U0122,Security Officer,user122@portauthority.com,Sent,2026-04-05T14:15:44+00:00
ND0597,N0514,NR0003,in_system,U0135,Security Officer,user135@portauthority.com,Delivered,2026-04-05T14:15:44+00:00
ND0598,N0514,NR0003,email,U0135,Security Officer,user135@portauthority.com,Sent,2026-04-05T14:15:44+00:00
ND0599,N0514,NR0003,in_system,U0159,Security Officer,user159@portauthority.com,Delivered,2026-04-05T14:15:44+00:00
ND0600,N0514,NR0003,email,U0159,Security Officer,user159@portauthority.com,Sent,2026-04-05T14:15:44+00:00
ND0601,N0514,NR0003,in_system,U0173,Security Officer,user173@portauthority.com,Delivered,2026-04-05T14:15:44+00:00
ND0602,N0514,NR0003,email,U0173,Security Officer,user173@portauthority.com,Sent,2026-04-05T14:15:44+00:00
ND0603,N0514,NR0003,in_system,U0194,Security Officer,user194@portauthority.com,Delivered,2026-04-05T14:15:44+00:00
ND0604,N0514,NR0003,email,U0194,Security Officer,user194@portauthority.com,Sent,2026-04-05T14:15:44+00:00
ND0605,N0514,NR0003,in_system,U0215,Security Officer,user215@portauthority.com,Delivered,2026-04-05T14:15:44+00:00
ND0606,N0514,NR0003,email,U0215,Security Officer,user215@portauthority.com,Sent,2026-04-05T14:15:44+00:00
ND0607,N0514,NR0003,in_system,U0280,Security Officer,user280@portauthority.com,Delivered,2026-04-05T14:15:44+00:00
ND0608,N0514,NR0003,email,U0280,Security Officer,user280@portauthority.com,Sent,2026-04-05T14:15:44+00:00
ND0609,N0514,NR0003,in_system,U0283,Security Officer,user283@portauthority.com,Delivered,2026-04-05T14:15:44+00:00
ND0610,N0514,NR0003,email,U0283,Security Officer,user283@portauthority.com,Sent,2026-04-05T14:15:44+00:00
ND0611,N0514,NR0003,in_system,U0296,Security Officer,user296@portauthority.com,Delivered,2026-04-05T14:15:44+00:00
ND0612,N0514,NR0003,email,U0296,Security Officer,user296@portauthority.com,Sent,2026-04-05T14:15:44+00:00
ND0613,N0514,NR0003,in_system,U0328,Security Officer,user328@portauthority.com,Delivered,2026-04-05T14:15:44+00:00
ND0614,N0514,NR0003,email,U0328,Security Officer,user328@portauthority.com,Sent,2026-04-05T14:15:44+00:00
ND0615,N0514,NR0003,in_system,U0329,Security Officer,user329@portauthority.com,Delivered,2026-04-05T14:15:44+00:00
ND0616,N0514,NR0003,email,U0329,Security Officer,user329@portauthority.com,Sent,2026-04-05T14:15:44+00:00
ND0617,N0514,NR0003,in_system,U0336,Security Officer,user336@portauthority.com,Delivered,2026-04-05T14:15:44+00:00
ND0618,N0514,NR0003,email,U0336,Security Officer,user336@portauthority.com,Sent,2026-04-05T14:15:44+00:00
ND0619,N0514,NR0003,in_system,U0338,Security Officer,user338@portauthority.com,Delivered,2026-04-05T14:15:44+00:00
ND0620,N0514,NR0003,email,U0338,Security Officer,user338@portauthority.com,Sent,2026-04-05T14:15:44+00:00
ND0621,N0514,NR0003,in_system,U0355,Security Officer,user355@portauthority.com,Delivered,2026-04-05T14:15:44+00:00
ND0622,N0514,NR0003,email,U0355,Security Officer,user355@portauthority.com,Sent,2026-04-05T14:15:44+00:00
ND0623,N0514,NR0003,in_system,U0370,Security Officer,user370@portauthority.com,Delivered,2026-04-05T14:15:44+00:00
ND0624,N0514,NR0003,email,U0370,Security Officer,user370@portauthority.com,Sent,2026-04-05T14:15:44+00:00
ND0625,N0514,NR0003,in_system,U0398,Security Officer,user398@portauthority.com,Delivered,2026-04-05T14:15:44+00:00
ND0626,N0514,NR0003,email,U0398,Security Officer,user398@portauthority.com,Sent,2026-04-05T14:15:44+00:00
ND0627,N0514,NR0003,in_system,U0422,Security Officer,user422@portauthority.com,Delivered,2026-04-05T14:15:44+00:00
ND0628,N0514,NR0003,email,U0422,Security Officer,user422@portauthority.com,Sent,2026-04-05T14:15:44+00:00
ND0629,N0514,NR0003,in_system,U0439,Security Officer,user439@portauthority.com,Delivered,2026-04-05T14:15:44+00:00
ND0630,N0514,NR0003,email,U0439,Security Officer,user439@portauthority.com,Sent,2026-04-05T14:15:44+00:00
ND0631,N0514,NR0003,in_system,U0450,Security Officer,user450@portauthority.com,Delivered,2026-04-05T14:15:44+00:00
ND0632,N0514,NR0003,email,U0450,Security Officer,user450@portauthority.com,Sent,2026-04-05T14:15:44+00:00
ND0633,N0514,NR0003,in_system,U0467,Security Officer,user467@portauthority.com,Delivered,2026-04-05T14:15:44+00:00
ND0634,N0514,NR0003,email,U0467,Security Officer,user467@portauthority.com,Sent,2026-04-05T14:15:44+00:00
ND0635,N0514,NR0003,in_system,U0485,Security Officer,user485@portauthority.com,Delivered,2026-04-05T14:15:44+00:00
ND0636,N0514,NR0003,email,U0485,Security Officer,user485@portauthority.com,Sent,2026-04-05T14:15:44+00:00
ND0637,N0514,NR0003,in_system,U0486,Security Officer,user486@portauthority.com,Delivered,2026-04-05T14:15:44+00:00
ND0638,N0514,NR0003,email,U0486,Security Officer,user486@portauthority.com,Sent,2026-04-05T14:15:44+00:00
ND0639,N0516,NR0005,in_system,U0015,Stevedore,user15@portauthority.com,Delivered,2026-04-05T14:15:44+00:00
ND0640,N0516,NR0005,in_system,U0024,Stevedore,user24@portauthority.com,Delivered,2026-04-05T14:15:44+00:00
ND0641,N0516,NR0005,in_system,U0028,Stevedore,user28@portauthority.com,Delivered,2026-04-05T14:15:44+00:00
ND0642,N0516,NR0005,in_system,U0035,Stevedore,user35@portauthority.com,Delivered,2026-04-05T14:15:45+00:00
ND0643,N0516,NR0005,in_system,U0041,Stevedore,user41@portauthority.com,Delivered,2026-04-05T14:15:45+00:00
ND0644,N0516,NR0005,in_system,U0045,Stevedore,user45@portauthority.com,Delivered,2026-04-05T14:15:45+00:00
ND0645,N0516,NR0005,in_system,U0053,Stevedore,user53@portauthority.com,Delivered,2026-04-05T14:15:45+00:00
ND0646,N0516,NR0005,in_system,U0060,Stevedore,user60@portauthority.com,Delivered,2026-04-05T14:15:45+00:00
ND0647,N0516,NR0005,in_system,U0069,Stevedore,user69@portauthority.com,Delivered,2026-04-05T14:15:45+00:00
ND0648,N0516,NR0005,in_system,U0104,Stevedore,user104@portauthority.com,Delivered,2026-04-05T14:15:45+00:00
ND0649,N0516,NR0005,in_system,U0107,Stevedore,user107@portauthority.com,Delivered,2026-04-05T14:15:45+00:00
ND0650,N0516,NR0005,in_system,U0109,Stevedore,user109@portauthority.com,Delivered,2026-04-05T14:15:45+00:00
ND0651,N0516,NR0005,in_system,U0134,Stevedore,user134@portauthority.com,Delivered,2026-04-05T14:15:45+00:00
ND0652,N0516,NR0005,in_system,U0137,Stevedore,user137@portauthority.com,Delivered,2026-04-05T14:15:45+00:00
ND0653,N0516,NR0005,in_system,U0181,Stevedore,user181@portauthority.com,Delivered,2026-04-05T14:15:45+00:00
ND0654,N0516,NR0005,in_system,U0183,Stevedore,user183@portauthority.com,Delivered,2026-04-05T14:15:45+00:00
ND0655,N0516,NR0005,in_system,U0185,Stevedore,user185@portauthority.com,Delivered,2026-04-05T14:15:45+00:00
ND0656,N0516,NR0005,in_system,U0190,Stevedore,user190@portauthority.com,Delivered,2026-04-05T14:15:45+00:00
ND0657,N0516,NR0005,in_system,U0200,Stevedore,user200@portauthority.com,Delivered,2026-04-05T14:15:45+00:00
ND0658,N0516,NR0005,in_system,U0217,Stevedore,user217@portauthority.com,Delivered,2026-04-05T14:15:45+00:00
ND0659,N0516,NR0005,in_system,U0237,Stevedore,user237@portauthority.com,Delivered,2026-04-05T14:15:45+00:00
ND0660,N0516,NR0005,in_system,U0238,Stevedore,user238@portauthority.com,Delivered,2026-04-05T14:15:45+00:00
ND0661,N0516,NR0005,in_system,U0247,Stevedore,user247@portauthority.com,Delivered,2026-04-05T14:15:45+00:00
ND0662,N0516,NR0005,in_system,U0253,Stevedore,user253@portauthority.com,Delivered,2026-04-05T14:15:45+00:00
ND0663,N0516,NR0005,in_system,U0271,Stevedore,user271@portauthority.com,Delivered,2026-04-05T14:15:45+00:00
ND0664,N0516,NR0005,in_system,U0294,Stevedore,user294@portauthority.com,Delivered,2026-04-05T14:15:45+00:00
ND0665,N0516,NR0005,in_system,U0295,Stevedore,user295@portauthority.com,Delivered,2026-04-05T14:15:45+00:00
ND0666,N0516,NR0005,in_system,U0309,Stevedore,user309@portauthority.com,Delivered,2026-04-05T14:15:45+00:00
ND0667,N0516,NR0005,in_system,U0313,Stevedore,user313@portauthority.com,Delivered,2026-04-05T14:15:45+00:00
ND0668,N0516,NR0005,in_system,U0348,Stevedore,user348@portauthority.com,Delivered,2026-04-05T14:15:45+00:00
ND0669,N0516,NR0005,in_system,U0363,Stevedore,user363@portauthority.com,Delivered,2026-04-05T14:15:45+00:00
ND0670,N0516,NR0005,in_system,U0366,Stevedore,user366@portauthority.com,Delivered,2026-04-05T14:15:45+00:00
ND0671,N0516,NR0005,in_system,U0437,Stevedore,user437@portauthority.com,Delivered,2026-04-05T14:15:45+00:00
ND0672,N0516,NR0005,in_system,U0443,Stevedore,user443@portauthority.com,Delivered,2026-04-05T14:15:45+00:00
ND0673,N0516,NR0005,in_system,U0488,Stevedore,user488@portauthority.com,Delivered,2026-04-05T14:15:45+00:00
ND0674,N0516,NR0005,in_system,U0500,Stevedore,user500@portauthority.com,Delivered,2026-04-05T14:15:45+00:00
